Description,Transaction Date,Transaction Time,Tax Type,Transaction Type,Refund Type,Product Title,Product id,Product Type,Sku Id,Hardware,Buyer Country,Buyer State,Buyer Postal Code,Buyer Currency,Amount (Buyer Currency),Currency Conversion Rate,Merchant Currency,Amount (Merchant Currency)
GPA.3313-4722-1046-50177,"May 2, 2020",12:43:26 AM PDT,,Charge,,Small Star Pack (MEDIEVAL FARMS – IDLE FARMING SIMULATOR),com.wGuiGhostFarms_9861566,1,starpack_small,cv1,US,OH,45011,USD,0.99,1.000000,USD,0.99
GPA.3313-4722-1046-50177,"May 2, 2020",12:43:26 AM PDT,,Google fee,,Small Star Pack (MEDIEVAL FARMS – IDLE FARMING SIMULATOR),com.wGuiGhostFarms_9861566,1,starpack_small,cv1,US,OH,45011,USD,-0.30,1.000000,USD,-0.30
GPA.3348-1388-6773-56744,"May 2, 2020",3:52:08 AM PDT,,Charge,,Resource Starter Pack (MEDIEVAL FARMS – IDLE FARMING SIMULATOR),com.wGuiGhostFarms_9861566,1,starter_pack,dreamlte,GB,,BD4 0NY,GBP,0.58,1.249400,USD,0.72
GPA.3320-7174-3094-30806,"May 2, 2020",8:49:21 AM PDT,,Charge,,Resource Starter Pack (MEDIEVAL FARMS – IDLE FARMING SIMULATOR),com.wGuiGhostFarms_9861566,1,starter_pack,cv7as-pr,US,TX,77302,USD,0.99,1.000000,USD,0.99
GPA.3320-7174-3094-30806,"May 2, 2020",8:49:21 AM PDT,,Google fee,,Resource Starter Pack (MEDIEVAL FARMS – IDLE FARMING SIMULATOR),com.wGuiGhostFarms_9861566,1,starter_pack,cv7as-pr,US,TX,77302,USD,-0.30,1.000000,USD,-0.30
GPA.3339-3030-8273-90216,"May 2, 2020",3:12:48 PM PDT,,Charge,,Resource Master Pack (MEDIEVAL FARMS – IDLE FARMING SIMULATOR),com.wGuiGhostFarms_9861566,1,master_pack,dreamlte,GB,,BD4 0NY,GBP,2.79,1.249400,USD,3.49
GPA.3339-3030-8273-90216,"May 2, 2020",3:20:37 PM PDT,,Charge refund,Full,Resource Master Pack (MEDIEVAL FARMS – IDLE FARMING SIMULATOR),com.wGuiGhostFarms_9861566,1,master_pack,dreamlte,GB,,BD4 0NY,GBP,-2.79,1.249400,USD,-3.49
GPA.3367-0211-5897-24974,"May 2, 2020",6:23:01 PM PDT,,Charge,,Resource Master Pack (MEDIEVAL FARMS – IDLE FARMING SIMULATOR),com.wGuiGhostFarms_9861566,1,master_pack,bolton,US,MI,49091,USD,4.99,1.000000,USD,4.99
GPA.3367-0211-5897-24974,"May 2, 2020",6:23:01 PM PDT,,Google fee,,Resource Master Pack (MEDIEVAL FARMS – IDLE FARMING SIMULATOR),com.wGuiGhostFarms_9861566,1,master_pack,bolton,US,MI,49091,USD,-1.50,1.000000,USD,-1.50
GPA.3308-8290-3940-45115,"May 2, 2020",11:05:37 PM PDT,,Charge,,Resource Starter Pack (MEDIEVAL FARMS – IDLE FARMING SIMULATOR),com.wGuiGhostFarms_9861566,1,starter_pack,crownqlteue,US,NY,13760,USD,0.99,1.000000,USD,0.99
GPA.3308-8290-3940-45115,"May 2, 2020",11:05:37 PM PDT,,Google fee,,Resource Starter Pack (MEDIEVAL FARMS – IDLE FARMING SIMULATOR),com.wGuiGhostFarms_9861566,1,starter_pack,crownqlteue,US,NY,13760,USD,-0.30,1.000000,USD,-0.30
GPA.3342-9460-7970-74306,"May 3, 2020",5:49:51 PM PDT,,Charge,,Resource Master Pack (MEDIEVAL FARMS – IDLE FARMING SIMULATOR),com.wGuiGhostFarms_9861566,1,master_pack,starqltecs,CA,QC,G9N1H2,CAD,6.99,0.708140,USD,4.95
GPA.3342-9460-7970-74306,"May 3, 2020",5:49:51 PM PDT,,Google fee,,Resource Master Pack (MEDIEVAL FARMS – IDLE FARMING SIMULATOR),com.wGuiGhostFarms_9861566,1,master_pack,starqltecs,CA,QC,G9N1H2,CAD,-2.10,0.708140,USD,-1.49
GPA.3340-8775-6875-67378,"May 3, 2020",6:02:37 PM PDT,,Charge,,Resource Starter Pack (MEDIEVAL FARMS – IDLE FARMING SIMULATOR),com.wGuiGhostFarms_9861566,1,starter_pack,starqltecs,CA,QC,G9N1H2,CAD,1.39,0.707460,USD,0.98
GPA.3340-8775-6875-67378,"May 3, 2020",6:02:37 PM PDT,,Google fee,,Resource Starter Pack (MEDIEVAL FARMS – IDLE FARMING SIMULATOR),com.wGuiGhostFarms_9861566,1,starter_pack,starqltecs,CA,QC,G9N1H2,CAD,-0.42,0.707460,USD,-0.30
GPA.3307-4344-7138-01378,"May 3, 2020",8:59:23 PM PDT,,Charge,,Large Star Pack (MEDIEVAL FARMS – IDLE FARMING SIMULATOR),com.wGuiGhostFarms_9861566,1,starpack_large,starqltecs,CA,QC,G9N1H2,CAD,6.99,0.707860,USD,4.95
GPA.3307-4344-7138-01378,"May 3, 2020",8:59:23 PM PDT,,Google fee,,Large Star Pack (MEDIEVAL FARMS – IDLE FARMING SIMULATOR),com.wGuiGhostFarms_9861566,1,starpack_large,starqltecs,CA,QC,G9N1H2,CAD,-2.10,0.707860,USD,-1.49
GPA.3326-1151-0435-61785,"May 5, 2020",9:52:26 AM PDT,,Charge,,Small Star Pack (MEDIEVAL FARMS – IDLE FARMING SIMULATOR),com.wGuiGhostFarms_9861566,1,starpack_small,dreamlte,GB,,DN110QX,GBP,0.58,1.245300,USD,0.72
GPA.3300-2313-0029-33657,"May 5, 2020",11:37:44 AM PDT,,Charge,,MEDIEVAL FARMS-  Idle Farming Simulator (Ad Free),com.wMedievalFarms_GuiGhostGames,0,,HWATU-QG,DE,,04924,EUR,0.64,1.084100,USD,0.69
GPA.3376-0237-7490-68646,"May 5, 2020",11:44:21 AM PDT,,Charge,,Resource Starter Pack (MEDIEVAL FARMS – IDLE FARMING SIMULATOR),com.wGuiGhostFarms_9861566,1,starter_pack,beyond2q,CA,ON,L3C 7A9,CAD,1.39,0.712830,USD,0.99
GPA.3376-0237-7490-68646,"May 5, 2020",11:44:21 AM PDT,,Google fee,,Resource Starter Pack (MEDIEVAL FARMS – IDLE FARMING SIMULATOR),com.wGuiGhostFarms_9861566,1,starter_pack,beyond2q,CA,ON,L3C 7A9,CAD,-0.42,0.712830,USD,-0.30
GPA.3303-3594-9102-39106,"May 5, 2020",12:59:07 PM PDT,,Charge,,Resource Starter Pack (MEDIEVAL FARMS – IDLE FARMING SIMULATOR),com.wGuiGhostFarms_9861566,1,starter_pack,j3topeltetfnvzw,US,TN,38242,USD,0.99,1.000000,USD,0.99
GPA.3303-3594-9102-39106,"May 5, 2020",12:59:07 PM PDT,,Google fee,,Resource Starter Pack (MEDIEVAL FARMS – IDLE FARMING SIMULATOR),com.wGuiGhostFarms_9861566,1,starter_pack,j3topeltetfnvzw,US,TN,38242,USD,-0.30,1.000000,USD,-0.30
GPA.3338-7006-9676-83123,"May 6, 2020",8:44:26 PM PDT,,Charge,,Small Star Pack (MEDIEVAL FARMS – IDLE FARMING SIMULATOR),com.wGuiGhostFarms_9861566,1,starpack_small,star2qltecs,CA,NB,E8T 1M1,CAD,1.39,0.707440,USD,0.98
GPA.3338-7006-9676-83123,"May 6, 2020",8:44:26 PM PDT,,Google fee,,Small Star Pack (MEDIEVAL FARMS – IDLE FARMING SIMULATOR),com.wGuiGhostFarms_9861566,1,starpack_small,star2qltecs,CA,NB,E8T 1M1,CAD,-0.42,0.707440,USD,-0.30
GPA.3387-1083-1150-78705,"May 6, 2020",10:38:24 PM PDT,,Charge,,Resource Master Pack (MEDIEVAL FARMS – IDLE FARMING SIMULATOR),com.wGuiGhostFarms_9861566,1,master_pack,beyond2q,CA,BC,V2t2k7,CAD,6.99,0.707690,USD,4.95
GPA.3387-1083-1150-78705,"May 6, 2020",10:38:24 PM PDT,,Google fee,,Resource Master Pack (MEDIEVAL FARMS – IDLE FARMING SIMULATOR),com.wGuiGhostFarms_9861566,1,master_pack,beyond2q,CA,BC,V2t2k7,CAD,-2.10,0.707690,USD,-1.49
GPA.3344-2109-5725-88516,"May 7, 2020",3:27:26 PM PDT,,Charge,,Resource Master Pack (MEDIEVAL FARMS – IDLE FARMING SIMULATOR),com.wGuiGhostFarms_9861566,1,master_pack,j2corepltetfntmo,US,WA,98146,USD,4.99,1.000000,USD,4.99
GPA.3344-2109-5725-88516,"May 7, 2020",3:27:26 PM PDT,,Google fee,,Resource Master Pack (MEDIEVAL FARMS – IDLE FARMING SIMULATOR),com.wGuiGhostFarms_9861566,1,master_pack,j2corepltetfntmo,US,WA,98146,USD,-1.50,1.000000,USD,-1.50
GPA.3325-6082-6035-32447,"May 7, 2020",6:01:32 PM PDT,,Charge,,Resource Starter Pack (MEDIEVAL FARMS – IDLE FARMING SIMULATOR),com.wGuiGhostFarms_9861566,1,starter_pack,U3A_PLUS_4G,AU,,2848,AUD,1.54,0.650390,USD,1.00
GPA.3325-6082-6035-32447,"May 7, 2020",6:01:32 PM PDT,,Google fee,,Resource Starter Pack (MEDIEVAL FARMS – IDLE FARMING SIMULATOR),com.wGuiGhostFarms_9861566,1,starter_pack,U3A_PLUS_4G,AU,,2848,AUD,-0.46,0.650390,USD,-0.30
GPA.3324-5094-5866-04189,"May 7, 2020",6:02:03 PM PDT,,Charge,,Small Star Pack (MEDIEVAL FARMS – IDLE FARMING SIMULATOR),com.wGuiGhostFarms_9861566,1,starpack_small,U3A_PLUS_4G,AU,,2848,AUD,1.54,0.650390,USD,1.00
GPA.3324-5094-5866-04189,"May 7, 2020",6:02:03 PM PDT,,Google fee,,Small Star Pack (MEDIEVAL FARMS – IDLE FARMING SIMULATOR),com.wGuiGhostFarms_9861566,1,starpack_small,U3A_PLUS_4G,AU,,2848,AUD,-0.46,0.650390,USD,-0.30
GPA.3304-3901-2808-65210,"May 7, 2020",8:44:27 PM PDT,,Charge,,MEDIEVAL FARMS-  Idle Farming Simulator (Ad Free),com.wMedievalFarms_GuiGhostGames,0,,judypn,AU,VIC,3133,AUD,1.45,0.653340,USD,0.95
GPA.3304-3901-2808-65210,"May 7, 2020",8:44:27 PM PDT,,Google fee,,MEDIEVAL FARMS-  Idle Farming Simulator (Ad Free),com.wMedievalFarms_GuiGhostGames,0,,judypn,AU,VIC,3133,AUD,-0.44,0.653340,USD,-0.29
GPA.3388-6267-2899-66473,"May 8, 2020",10:11:08 AM PDT,,Charge,,Small Star Pack (MEDIEVAL FARMS – IDLE FARMING SIMULATOR),com.wGuiGhostFarms_9861566,1,starpack_small,a10e,US,TX,77316,USD,0.99,1.000000,USD,0.99
GPA.3388-6267-2899-66473,"May 8, 2020",10:11:08 AM PDT,,Google fee,,Small Star Pack (MEDIEVAL FARMS – IDLE FARMING SIMULATOR),com.wGuiGhostFarms_9861566,1,starpack_small,a10e,US,TX,77316,USD,-0.30,1.000000,USD,-0.30
GPA.3356-7713-7240-04706,"May 8, 2020",12:14:36 PM PDT,,Charge,,Small Star Pack (MEDIEVAL FARMS – IDLE FARMING SIMULATOR),com.wGuiGhostFarms_9861566,1,starpack_small,d2q,US,TX,78640,USD,0.99,1.000000,USD,0.99
GPA.3356-7713-7240-04706,"May 8, 2020",12:14:36 PM PDT,,Google fee,,Small Star Pack (MEDIEVAL FARMS – IDLE FARMING SIMULATOR),com.wGuiGhostFarms_9861566,1,starpack_small,d2q,US,TX,78640,USD,-0.30,1.000000,USD,-0.30
GPA.3323-0350-3528-72237,"May 8, 2020",8:44:35 PM PDT,,Charge,,Resource Master Pack (MEDIEVAL FARMS – IDLE FARMING SIMULATOR),com.wGuiGhostFarms_9861566,1,master_pack,cv7as,US,LA,70427,USD,4.99,1.000000,USD,4.99
GPA.3323-0350-3528-72237,"May 8, 2020",8:44:35 PM PDT,,Google fee,,Resource Master Pack (MEDIEVAL FARMS – IDLE FARMING SIMULATOR),com.wGuiGhostFarms_9861566,1,master_pack,cv7as,US,LA,70427,USD,-1.50,1.000000,USD,-1.50
GPA.3362-1068-2325-04624,"May 9, 2020",7:00:26 PM PDT,,Charge,,Resource Master Pack (MEDIEVAL FARMS – IDLE FARMING SIMULATOR),com.wGuiGhostFarms_9861566,1,master_pack,dream2qltesq,US,RI,02891,USD,4.99,1.000000,USD,4.99
GPA.3362-1068-2325-04624,"May 9, 2020",7:00:26 PM PDT,,Google fee,,Resource Master Pack (MEDIEVAL FARMS – IDLE FARMING SIMULATOR),com.wGuiGhostFarms_9861566,1,master_pack,dream2qltesq,US,RI,02891,USD,-1.50,1.000000,USD,-1.50
GPA.3386-4901-6389-44384,"May 9, 2020",9:13:19 PM PDT,,Charge,,Large Star Pack (MEDIEVAL FARMS – IDLE FARMING SIMULATOR),com.wGuiGhostFarms_9861566,1,starpack_large,dream2qltesq,US,RI,02891,USD,4.99,1.000000,USD,4.99
GPA.3386-4901-6389-44384,"May 9, 2020",9:13:19 PM PDT,,Google fee,,Large Star Pack (MEDIEVAL FARMS – IDLE FARMING SIMULATOR),com.wGuiGhostFarms_9861566,1,starpack_large,dream2qltesq,US,RI,02891,USD,-1.50,1.000000,USD,-1.50
GPA.3358-7854-4341-67011,"May 9, 2020",9:20:49 PM PDT,,Charge,,Large Star Pack (MEDIEVAL FARMS – IDLE FARMING SIMULATOR),com.wGuiGhostFarms_9861566,1,starpack_large,cv3,US,CA,94591,USD,4.99,1.000000,USD,4.99
GPA.3358-7854-4341-67011,"May 9, 2020",9:20:49 PM PDT,,Google fee,,Large Star Pack (MEDIEVAL FARMS – IDLE FARMING SIMULATOR),com.wGuiGhostFarms_9861566,1,starpack_large,cv3,US,CA,94591,USD,-1.50,1.000000,USD,-1.50
GPA.3357-2570-6694-46216,"May 10, 2020",8:15:32 AM PDT,,Charge,,Resource Starter Pack (MEDIEVAL FARMS – IDLE FARMING SIMULATOR),com.wGuiGhostFarms_9861566,1,starter_pack,j7popltevzw,US,OH,44446,USD,0.99,1.000000,USD,0.99
GPA.3357-2570-6694-46216,"May 10, 2020",8:15:32 AM PDT,,Google fee,,Resource Starter Pack (MEDIEVAL FARMS – IDLE FARMING SIMULATOR),com.wGuiGhostFarms_9861566,1,starter_pack,j7popltevzw,US,OH,44446,USD,-0.30,1.000000,USD,-0.30
GPA.3344-4047-9510-66721,"May 10, 2020",6:11:24 PM PDT,,Charge,,MEDIEVAL FARMS-  Idle Farming Simulator (Ad Free),com.wMedievalFarms_GuiGhostGames,0,,mcv7a,US,IL,60629,USD,0.99,1.000000,USD,0.99
GPA.3344-4047-9510-66721,"May 10, 2020",6:11:24 PM PDT,,Google fee,,MEDIEVAL FARMS-  Idle Farming Simulator (Ad Free),com.wMedievalFarms_GuiGhostGames,0,,mcv7a,US,IL,60629,USD,-0.30,1.000000,USD,-0.30
GPA.3354-2162-7445-20218,"May 10, 2020",11:13:50 PM PDT,,Charge,,MEDIEVAL FARMS-  Idle Farming Simulator (Ad Free),com.wMedievalFarms_GuiGhostGames,0,,d2q,US,TX,78640,USD,0.99,1.000000,USD,0.99
GPA.3354-2162-7445-20218,"May 10, 2020",11:13:50 PM PDT,,Google fee,,MEDIEVAL FARMS-  Idle Farming Simulator (Ad Free),com.wMedievalFarms_GuiGhostGames,0,,d2q,US,TX,78640,USD,-0.30,1.000000,USD,-0.30
GPA.3325-0688-5032-70151,"May 11, 2020",10:46:29 AM PDT,,Charge,,Resource Master Pack (MEDIEVAL FARMS – IDLE FARMING SIMULATOR),com.wGuiGhostFarms_9861566,1,master_pack,starlte,GB,,LN2 4Nj,GBP,2.79,1.232200,USD,3.44
GPA.3377-1706-3091-00216,"May 11, 2020",11:03:39 AM PDT,,Charge,,Small Star Pack (MEDIEVAL FARMS – IDLE FARMING SIMULATOR),com.wGuiGhostFarms_9861566,1,starpack_small,starlte,GB,,LN2 4Nj,GBP,0.58,1.234500,USD,0.72
GPA.3399-4398-3104-00036,"May 11, 2020",7:15:48 PM PDT,,Charge,,Large Star Pack (MEDIEVAL FARMS – IDLE FARMING SIMULATOR),com.wGuiGhostFarms_9861566,1,starpack_large,star2qltecs,CA,NB,E8T 1M1,CAD,6.99,0.711440,USD,4.97
GPA.3399-4398-3104-00036,"May 11, 2020",7:15:48 PM PDT,,Google fee,,Large Star Pack (MEDIEVAL FARMS – IDLE FARMING SIMULATOR),com.wGuiGhostFarms_9861566,1,starpack_large,star2qltecs,CA,NB,E8T 1M1,CAD,-2.10,0.711440,USD,-1.49
GPA.3356-5671-2968-39338,"May 12, 2020",10:59:59 AM PDT,,Charge,,Small Star Pack (MEDIEVAL FARMS – IDLE FARMING SIMULATOR),com.wGuiGhostFarms_9861566,1,starpack_small,sargo,GB,,LA14 4RJ,GBP,0.58,1.229900,USD,0.71
GPA.3391-6573-8812-66118,"May 12, 2020",7:23:17 PM PDT,,Charge,,Resource Master Pack (MEDIEVAL FARMS – IDLE FARMING SIMULATOR),com.wGuiGhostFarms_9861566,1,master_pack,,US,NC,28304,USD,4.99,1.000000,USD,4.99
GPA.3391-6573-8812-66118,"May 12, 2020",7:23:17 PM PDT,,Google fee,,Resource Master Pack (MEDIEVAL FARMS – IDLE FARMING SIMULATOR),com.wGuiGhostFarms_9861566,1,master_pack,,US,NC,28304,USD,-1.50,1.000000,USD,-1.50
GPA.3399-7092-2071-83372,"May 12, 2020",7:23:58 PM PDT,,Charge,,Large Star Pack (MEDIEVAL FARMS – IDLE FARMING SIMULATOR),com.wGuiGhostFarms_9861566,1,starpack_large,,US,NC,28304,USD,4.99,1.000000,USD,4.99
GPA.3399-7092-2071-83372,"May 12, 2020",7:23:58 PM PDT,,Google fee,,Large Star Pack (MEDIEVAL FARMS – IDLE FARMING SIMULATOR),com.wGuiGhostFarms_9861566,1,starpack_large,,US,NC,28304,USD,-1.50,1.000000,USD,-1.50
GPA.3378-0353-8262-87372,"May 12, 2020",7:46:30 PM PDT,,Charge,,Resource Starter Pack (MEDIEVAL FARMS – IDLE FARMING SIMULATOR),com.wGuiGhostFarms_9861566,1,starter_pack,,US,NC,28304,USD,0.99,1.000000,USD,0.99
GPA.3378-0353-8262-87372,"May 12, 2020",7:46:30 PM PDT,,Google fee,,Resource Starter Pack (MEDIEVAL FARMS – IDLE FARMING SIMULATOR),com.wGuiGhostFarms_9861566,1,starter_pack,,US,NC,28304,USD,-0.30,1.000000,USD,-0.30
GPA.3338-8307-5506-50890,"May 12, 2020",7:46:45 PM PDT,,Charge,,Small Star Pack (MEDIEVAL FARMS – IDLE FARMING SIMULATOR),com.wGuiGhostFarms_9861566,1,starpack_small,,US,NC,28304,USD,0.99,1.000000,USD,0.99
GPA.3338-8307-5506-50890,"May 12, 2020",7:46:45 PM PDT,,Google fee,,Small Star Pack (MEDIEVAL FARMS – IDLE FARMING SIMULATOR),com.wGuiGhostFarms_9861566,1,starpack_small,,US,NC,28304,USD,-0.30,1.000000,USD,-0.30
GPA.3308-3774-0312-51743,"May 13, 2020",7:56:26 AM PDT,,Charge,,Small Star Pack (MEDIEVAL FARMS – IDLE FARMING SIMULATOR),com.wGuiGhostFarms_9861566,1,starpack_small,,US,WA,98802,USD,0.99,1.000000,USD,0.99
GPA.3308-3774-0312-51743,"May 13, 2020",7:56:26 AM PDT,,Google fee,,Small Star Pack (MEDIEVAL FARMS – IDLE FARMING SIMULATOR),com.wGuiGhostFarms_9861566,1,starpack_small,,US,WA,98802,USD,-0.30,1.000000,USD,-0.30
GPA.3311-3442-2582-19015,"May 16, 2020",2:32:03 PM PDT,,Charge,,MEDIEVAL FARMS-  Idle Farming Simulator (Ad Free),com.wMedievalFarms_GuiGhostGames,0,,,US,NJ,08021,USD,0.99,1.000000,USD,0.99
GPA.3311-3442-2582-19015,"May 16, 2020",2:32:03 PM PDT,,Google fee,,MEDIEVAL FARMS-  Idle Farming Simulator (Ad Free),com.wMedievalFarms_GuiGhostGames,0,,,US,NJ,08021,USD,-0.30,1.000000,USD,-0.30
GPA.3331-4154-6275-01644,"May 17, 2020",6:10:25 PM PDT,,Charge,,MEDIEVAL FARMS-  Idle Farming Simulator (Ad Free),com.wMedievalFarms_GuiGhostGames,0,,,AU,,2315,AUD,1.45,0.642630,USD,0.93
GPA.3331-4154-6275-01644,"May 17, 2020",6:10:25 PM PDT,,Google fee,,MEDIEVAL FARMS-  Idle Farming Simulator (Ad Free),com.wMedievalFarms_GuiGhostGames,0,,,AU,,2315,AUD,-0.44,0.642630,USD,-0.28
GPA.3356-9701-9007-98406,"May 18, 2020",6:10:08 AM PDT,,Charge,,MEDIEVAL FARMS-  Idle Farming Simulator (Ad Free),com.wMedievalFarms_GuiGhostGames,0,,,US,MN,55341,USD,0.99,1.000000,USD,0.99
GPA.3356-9701-9007-98406,"May 18, 2020",6:10:08 AM PDT,,Google fee,,MEDIEVAL FARMS-  Idle Farming Simulator (Ad Free),com.wMedievalFarms_GuiGhostGames,0,,,US,MN,55341,USD,-0.30,1.000000,USD,-0.30
GPA.3355-3840-9239-87286,"May 18, 2020",8:15:26 AM PDT,,Charge,,Resource Starter Pack (MEDIEVAL FARMS – IDLE FARMING SIMULATOR),com.wGuiGhostFarms_9861566,1,starter_pack,,US,AK,99518,USD,0.99,1.000000,USD,0.99
GPA.3355-3840-9239-87286,"May 18, 2020",8:15:26 AM PDT,,Google fee,,Resource Starter Pack (MEDIEVAL FARMS – IDLE FARMING SIMULATOR),com.wGuiGhostFarms_9861566,1,starter_pack,,US,AK,99518,USD,-0.30,1.000000,USD,-0.30
GPA.3300-5198-6964-64423,"May 18, 2020",12:40:32 PM PDT,,Charge,,Resource Master Pack (MEDIEVAL FARMS – IDLE FARMING SIMULATOR),com.wGuiGhostFarms_9861566,1,master_pack,,US,OH,43551,USD,4.99,1.000000,USD,4.99
GPA.3300-5198-6964-64423,"May 18, 2020",12:40:32 PM PDT,,Google fee,,Resource Master Pack (MEDIEVAL FARMS – IDLE FARMING SIMULATOR),com.wGuiGhostFarms_9861566,1,master_pack,,US,OH,43551,USD,-1.50,1.000000,USD,-1.50
GPA.3331-4154-6275-01644,"May 18, 2020",12:49:08 PM PDT,,Charge refund,Full,MEDIEVAL FARMS-  Idle Farming Simulator (Ad Free),com.wMedievalFarms_GuiGhostGames,0,,,AU,,2315,AUD,-1.45,0.642630,USD,-0.93
GPA.3331-4154-6275-01644,"May 18, 2020",12:49:08 PM PDT,,Google fee refund,Full,MEDIEVAL FARMS-  Idle Farming Simulator (Ad Free),com.wMedievalFarms_GuiGhostGames,0,,,AU,,2315,AUD,0.44,0.642630,USD,0.28
GPA.3367-6421-5788-08341,"May 18, 2020",2:52:57 PM PDT,,Charge,,Large Star Pack (MEDIEVAL FARMS – IDLE FARMING SIMULATOR),com.wGuiGhostFarms_9861566,1,starpack_large,,US,OH,44060,USD,4.99,1.000000,USD,4.99
GPA.3367-6421-5788-08341,"May 18, 2020",2:52:57 PM PDT,,Google fee,,Large Star Pack (MEDIEVAL FARMS – IDLE FARMING SIMULATOR),com.wGuiGhostFarms_9861566,1,starpack_large,,US,OH,44060,USD,-1.50,1.000000,USD,-1.50
GPA.3329-8370-8283-51608,"May 18, 2020",2:53:18 PM PDT,,Charge,,Resource Master Pack (MEDIEVAL FARMS – IDLE FARMING SIMULATOR),com.wGuiGhostFarms_9861566,1,master_pack,,US,OH,44060,USD,4.99,1.000000,USD,4.99
GPA.3329-8370-8283-51608,"May 18, 2020",2:53:18 PM PDT,,Google fee,,Resource Master Pack (MEDIEVAL FARMS – IDLE FARMING SIMULATOR),com.wGuiGhostFarms_9861566,1,master_pack,,US,OH,44060,USD,-1.50,1.000000,USD,-1.50
GPA.3337-5426-7311-34776,"May 18, 2020",4:03:52 PM PDT,,Charge,,Small Star Pack (MEDIEVAL FARMS – IDLE FARMING SIMULATOR),com.wGuiGhostFarms_9861566,1,starpack_small,,US,OH,44060,USD,0.99,1.000000,USD,0.99
GPA.3337-5426-7311-34776,"May 18, 2020",4:03:52 PM PDT,,Google fee,,Small Star Pack (MEDIEVAL FARMS – IDLE FARMING SIMULATOR),com.wGuiGhostFarms_9861566,1,starpack_small,,US,OH,44060,USD,-0.30,1.000000,USD,-0.30
GPA.3321-2585-4430-95768,"May 18, 2020",4:04:02 PM PDT,,Charge,,Resource Starter Pack (MEDIEVAL FARMS – IDLE FARMING SIMULATOR),com.wGuiGhostFarms_9861566,1,starter_pack,,US,OH,44060,USD,0.99,1.000000,USD,0.99
GPA.3321-2585-4430-95768,"May 18, 2020",4:04:02 PM PDT,,Google fee,,Resource Starter Pack (MEDIEVAL FARMS – IDLE FARMING SIMULATOR),com.wGuiGhostFarms_9861566,1,starter_pack,,US,OH,44060,USD,-0.30,1.000000,USD,-0.30
GPA.3362-3762-0846-24812,"May 20, 2020",2:41:22 AM PDT,,Charge,,MEDIEVAL FARMS-  Idle Farming Simulator (Ad Free),com.wMedievalFarms_GuiGhostGames,0,,,MX,AGS.,20000,MXN,18.00,0.042325,USD,0.76
GPA.3362-3762-0846-24812,"May 20, 2020",2:41:22 AM PDT,,Google fee,,MEDIEVAL FARMS-  Idle Farming Simulator (Ad Free),com.wMedievalFarms_GuiGhostGames,0,,,MX,AGS.,20000,MXN,-5.40,0.042325,USD,-0.23
GPA.3362-3762-0846-24812,"May 20, 2020",2:42:51 AM PDT,,Charge refund,Full,MEDIEVAL FARMS-  Idle Farming Simulator (Ad Free),com.wMedievalFarms_GuiGhostGames,0,,,MX,AGS.,20000,MXN,-18.00,0.042325,USD,-0.76
GPA.3362-3762-0846-24812,"May 20, 2020",2:42:51 AM PDT,,Google fee refund,Full,MEDIEVAL FARMS-  Idle Farming Simulator (Ad Free),com.wMedievalFarms_GuiGhostGames,0,,,MX,AGS.,20000,MXN,5.40,0.042325,USD,0.23
GPA.3342-2863-7728-19743,"May 21, 2020",1:08:54 AM PDT,,Charge,,Resource Master Pack (MEDIEVAL FARMS – FARMING SIMULATOR),com.wGuiGhostFarms_9861566,1,master_pack,,US,TX,77859,USD,4.99,1.000000,USD,4.99
GPA.3342-2863-7728-19743,"May 21, 2020",1:08:54 AM PDT,,Google fee,,Resource Master Pack (MEDIEVAL FARMS – FARMING SIMULATOR),com.wGuiGhostFarms_9861566,1,master_pack,,US,TX,77859,USD,-1.50,1.000000,USD,-1.50
GPA.3332-0361-4439-63915,"May 21, 2020",1:09:19 AM PDT,,Charge,,Large Star Pack (MEDIEVAL FARMS – FARMING SIMULATOR),com.wGuiGhostFarms_9861566,1,starpack_large,,US,TX,77859,USD,4.99,1.000000,USD,4.99
GPA.3332-0361-4439-63915,"May 21, 2020",1:09:19 AM PDT,,Google fee,,Large Star Pack (MEDIEVAL FARMS – FARMING SIMULATOR),com.wGuiGhostFarms_9861566,1,starpack_large,,US,TX,77859,USD,-1.50,1.000000,USD,-1.50
GPA.3317-3410-6251-33196,"May 21, 2020",5:02:22 AM PDT,,Charge,,MEDIEVAL FARMS-  Idle Farming Simulator (Ad Free),com.wMedievalFarms_GuiGhostGames,0,,,US,CA,94043,USD,0.99,1.000000,USD,0.99
GPA.3317-3410-6251-33196,"May 21, 2020",5:02:22 AM PDT,,Google fee,,MEDIEVAL FARMS-  Idle Farming Simulator (Ad Free),com.wMedievalFarms_GuiGhostGames,0,,,US,CA,94043,USD,-0.30,1.000000,USD,-0.30
GPA.3317-3410-6251-33196,"May 21, 2020",5:05:41 AM PDT,,Charge refund,Full,MEDIEVAL FARMS-  Idle Farming Simulator (Ad Free),com.wMedievalFarms_GuiGhostGames,0,,,US,CA,94043,USD,-0.99,1.000000,USD,-0.99
GPA.3317-3410-6251-33196,"May 21, 2020",5:05:41 AM PDT,,Google fee refund,Full,MEDIEVAL FARMS-  Idle Farming Simulator (Ad Free),com.wMedievalFarms_GuiGhostGames,0,,,US,CA,94043,USD,0.30,1.000000,USD,0.30
GPA.3384-5828-6675-73945,"May 21, 2020",5:59:24 AM PDT,,Charge,,MEDIEVAL FARMS-  Idle Farming Simulator (Ad Free),com.wMedievalFarms_GuiGhostGames,0,,,US,CA,94043,USD,0.99,1.000000,USD,0.99
GPA.3384-5828-6675-73945,"May 21, 2020",5:59:24 AM PDT,,Google fee,,MEDIEVAL FARMS-  Idle Farming Simulator (Ad Free),com.wMedievalFarms_GuiGhostGames,0,,,US,CA,94043,USD,-0.30,1.000000,USD,-0.30
GPA.3384-5828-6675-73945,"May 21, 2020",6:02:12 AM PDT,,Charge refund,Full,MEDIEVAL FARMS-  Idle Farming Simulator (Ad Free),com.wMedievalFarms_GuiGhostGames,0,,,US,CA,94043,USD,-0.99,1.000000,USD,-0.99
GPA.3384-5828-6675-73945,"May 21, 2020",6:02:12 AM PDT,,Google fee refund,Full,MEDIEVAL FARMS-  Idle Farming Simulator (Ad Free),com.wMedievalFarms_GuiGhostGames,0,,,US,CA,94043,USD,0.30,1.000000,USD,0.30
GPA.3340-0373-7764-91017,"May 22, 2020",10:13:52 AM PDT,,Charge,,Large Star Pack (MEDIEVAL FARMS – FARMING SIMULATOR),com.wGuiGhostFarms_9861566,1,starpack_large,,US,OR,97435,USD,4.99,1.000000,USD,4.99
GPA.3340-0373-7764-91017,"May 22, 2020",10:13:52 AM PDT,,Google fee,,Large Star Pack (MEDIEVAL FARMS – FARMING SIMULATOR),com.wGuiGhostFarms_9861566,1,starpack_large,,US,OR,97435,USD,-1.50,1.000000,USD,-1.50
GPA.3336-0909-4762-94395,"May 22, 2020",10:23:18 AM PDT,,Charge,,MEDIEVAL FARMS-  Idle Farming Simulator (Ad Free),com.wMedievalFarms_GuiGhostGames,0,,,US,CO,81005,USD,0.99,1.000000,USD,0.99
GPA.3336-0909-4762-94395,"May 22, 2020",10:23:18 AM PDT,,Google fee,,MEDIEVAL FARMS-  Idle Farming Simulator (Ad Free),com.wMedievalFarms_GuiGhostGames,0,,,US,CO,81005,USD,-0.30,1.000000,USD,-0.30
GPA.3336-0909-4762-94395,"May 22, 2020",10:25:18 AM PDT,,Charge refund,Full,MEDIEVAL FARMS-  Idle Farming Simulator (Ad Free),com.wMedievalFarms_GuiGhostGames,0,,,US,CO,81005,USD,-0.99,1.000000,USD,-0.99
GPA.3336-0909-4762-94395,"May 22, 2020",10:25:18 AM PDT,,Google fee refund,Full,MEDIEVAL FARMS-  Idle Farming Simulator (Ad Free),com.wMedievalFarms_GuiGhostGames,0,,,US,CO,81005,USD,0.30,1.000000,USD,0.30
GPA.3371-2311-2558-16111,"May 22, 2020",10:25:33 AM PDT,,Charge,,MEDIEVAL FARMS-  Idle Farming Simulator (Ad Free),com.wMedievalFarms_GuiGhostGames,0,,,US,CO,81005,USD,0.99,1.000000,USD,0.99
GPA.3371-2311-2558-16111,"May 22, 2020",10:25:33 AM PDT,,Google fee,,MEDIEVAL FARMS-  Idle Farming Simulator (Ad Free),com.wMedievalFarms_GuiGhostGames,0,,,US,CO,81005,USD,-0.30,1.000000,USD,-0.30
GPA.3371-2311-2558-16111,"May 22, 2020",10:36:00 AM PDT,,Charge refund,Full,MEDIEVAL FARMS-  Idle Farming Simulator (Ad Free),com.wMedievalFarms_GuiGhostGames,0,,,US,CO,81005,USD,-0.99,1.000000,USD,-0.99
GPA.3371-2311-2558-16111,"May 22, 2020",10:36:00 AM PDT,,Google fee refund,Full,MEDIEVAL FARMS-  Idle Farming Simulator (Ad Free),com.wMedievalFarms_GuiGhostGames,0,,,US,CO,81005,USD,0.30,1.000000,USD,0.30
GPA.3326-1658-7527-51258,"May 23, 2020",12:43:01 PM PDT,,Charge,,Resource Master Pack (MEDIEVAL FARMS – FARMING SIMULATOR),com.wGuiGhostFarms_9861566,1,master_pack,,US,OR,97435,USD,4.99,1.000000,USD,4.99
GPA.3326-1658-7527-51258,"May 23, 2020",12:43:01 PM PDT,,Google fee,,Resource Master Pack (MEDIEVAL FARMS – FARMING SIMULATOR),com.wGuiGhostFarms_9861566,1,master_pack,,US,OR,97435,USD,-1.50,1.000000,USD,-1.50
GPA.3324-9822-0097-92583,"May 24, 2020",3:17:43 AM PDT,,Charge,,MEDIEVAL FARMS-  Idle Farming Simulator (Ad Free),com.wMedievalFarms_GuiGhostGames,0,,,AU,,2147,AUD,1.45,0.653660,USD,0.95
GPA.3324-9822-0097-92583,"May 24, 2020",3:17:43 AM PDT,,Google fee,,MEDIEVAL FARMS-  Idle Farming Simulator (Ad Free),com.wMedievalFarms_GuiGhostGames,0,,,AU,,2147,AUD,-0.44,0.653660,USD,-0.29
GPA.3378-2788-4852-32622,"May 27, 2020",4:25:30 PM PDT,,Charge,,Resource Starter Pack (MEDIEVAL FARMS – FARMING SIMULATOR),com.wGuiGhostFarms_9861566,1,starter_pack,,GB,,HU7 5DN,GBP,0.58,1.226100,USD,0.71
GPA.3331-7133-3276-20608,"May 27, 2020",4:35:42 PM PDT,,Charge,,Small Star Pack (MEDIEVAL FARMS – FARMING SIMULATOR),com.wGuiGhostFarms_9861566,1,starpack_small,,GB,,HU7 5DN,GBP,0.58,1.226100,USD,0.71
GPA.3327-0417-9589-04050,"May 28, 2020",4:07:33 PM PDT,,Charge,,Small Star Pack (MEDIEVAL FARMS – FARMING SIMULATOR),com.wGuiGhostFarms_9861566,1,starpack_small,,US,MS,39042,USD,0.99,1.000000,USD,0.99
GPA.3327-0417-9589-04050,"May 28, 2020",4:07:33 PM PDT,,Google fee,,Small Star Pack (MEDIEVAL FARMS – FARMING SIMULATOR),com.wGuiGhostFarms_9861566,1,starpack_small,,US,MS,39042,USD,-0.30,1.000000,USD,-0.30
GPA.3325-6929-9372-43995,"May 30, 2020",3:46:48 AM PDT,,Charge,,MEDIEVAL FARMS-  Idle Farming Simulator (Ad Free),com.wMedievalFarms_GuiGhostGames,0,,,US,NC,27409,USD,0.99,1.000000,USD,0.99
GPA.3325-6929-9372-43995,"May 30, 2020",3:46:48 AM PDT,,Google fee,,MEDIEVAL FARMS-  Idle Farming Simulator (Ad Free),com.wMedievalFarms_GuiGhostGames,0,,,US,NC,27409,USD,-0.30,1.000000,USD,-0.30
GPA.3325-6929-9372-43995,"May 30, 2020",3:57:32 AM PDT,,Charge refund,Full,MEDIEVAL FARMS-  Idle Farming Simulator (Ad Free),com.wMedievalFarms_GuiGhostGames,0,,,US,NC,27409,USD,-0.99,1.000000,USD,-0.99
GPA.3325-6929-9372-43995,"May 30, 2020",3:57:32 AM PDT,,Google fee refund,Full,MEDIEVAL FARMS-  Idle Farming Simulator (Ad Free),com.wMedievalFarms_GuiGhostGames,0,,,US,NC,27409,USD,0.30,1.000000,USD,0.30
GPA.3308-9054-3072-36240,"May 30, 2020",5:33:05 AM PDT,,Charge,,Resource Master Pack (MEDIEVAL FARMS – FARMING SIMULATOR),com.wGuiGhostFarms_9861566,1,master_pack,,US,NY,13493,USD,4.99,1.000000,USD,4.99
GPA.3308-9054-3072-36240,"May 30, 2020",5:33:05 AM PDT,,Google fee,,Resource Master Pack (MEDIEVAL FARMS – FARMING SIMULATOR),com.wGuiGhostFarms_9861566,1,master_pack,,US,NY,13493,USD,-1.50,1.000000,USD,-1.50
GPA.3345-5885-3518-63894,"May 30, 2020",3:01:32 PM PDT,,Charge,,Resource Master Pack (MEDIEVAL FARMS – FARMING SIMULATOR),com.wGuiGhostFarms_9861566,1,master_pack,,US,MI,48503,USD,4.99,1.000000,USD,4.99
GPA.3345-5885-3518-63894,"May 30, 2020",3:01:32 PM PDT,,Google fee,,Resource Master Pack (MEDIEVAL FARMS – FARMING SIMULATOR),com.wGuiGhostFarms_9861566,1,master_pack,,US,MI,48503,USD,-1.50,1.000000,USD,-1.50
GPA.3384-1535-0277-84225,"May 30, 2020",7:04:51 PM PDT,,Charge,,Resource Master Pack (MEDIEVAL FARMS – FARMING SIMULATOR),com.wGuiGhostFarms_9861566,1,master_pack,,US,MA,01440,USD,4.99,1.000000,USD,4.99
GPA.3384-1535-0277-84225,"May 30, 2020",7:04:51 PM PDT,,Google fee,,Resource Master Pack (MEDIEVAL FARMS – FARMING SIMULATOR),com.wGuiGhostFarms_9861566,1,master_pack,,US,MA,01440,USD,-1.50,1.000000,USD,-1.50
GPA.3312-6627-5803-83480,"May 30, 2020",7:05:03 PM PDT,,Charge,,Resource Starter Pack (MEDIEVAL FARMS – FARMING SIMULATOR),com.wGuiGhostFarms_9861566,1,starter_pack,,US,MA,01440,USD,0.99,1.000000,USD,0.99
GPA.3312-6627-5803-83480,"May 30, 2020",7:05:03 PM PDT,,Google fee,,Resource Starter Pack (MEDIEVAL FARMS – FARMING SIMULATOR),com.wGuiGhostFarms_9861566,1,starter_pack,,US,MA,01440,USD,-0.30,1.000000,USD,-0.30
GPA.3318-5057-8201-18267,"May 30, 2020",7:05:13 PM PDT,,Charge,,Large Star Pack (MEDIEVAL FARMS – FARMING SIMULATOR),com.wGuiGhostFarms_9861566,1,starpack_large,,US,MA,01440,USD,4.99,1.000000,USD,4.99
GPA.3318-5057-8201-18267,"May 30, 2020",7:05:13 PM PDT,,Google fee,,Large Star Pack (MEDIEVAL FARMS – FARMING SIMULATOR),com.wGuiGhostFarms_9861566,1,starpack_large,,US,MA,01440,USD,-1.50,1.000000,USD,-1.50
GPA.3387-3926-9709-58229,"May 30, 2020",7:05:24 PM PDT,,Charge,,Small Star Pack (MEDIEVAL FARMS – FARMING SIMULATOR),com.wGuiGhostFarms_9861566,1,starpack_small,,US,MA,01440,USD,0.99,1.000000,USD,0.99
GPA.3387-3926-9709-58229,"May 30, 2020",7:05:24 PM PDT,,Google fee,,Small Star Pack (MEDIEVAL FARMS – FARMING SIMULATOR),com.wGuiGhostFarms_9861566,1,starpack_small,,US,MA,01440,USD,-0.30,1.000000,USD,-0.30
GPA.3370-2442-2432-17946,"May 31, 2020",9:39:07 AM PDT,,Charge,,Resource Master Pack (MEDIEVAL FARMS – FARMING SIMULATOR),com.wGuiGhostFarms_9861566,1,master_pack,,CA,ON,P4N8B8,CAD,6.99,0.725690,USD,5.07
GPA.3370-2442-2432-17946,"May 31, 2020",9:39:07 AM PDT,,Google fee,,Resource Master Pack (MEDIEVAL FARMS – FARMING SIMULATOR),com.wGuiGhostFarms_9861566,1,master_pack,,CA,ON,P4N8B8,CAD,-2.10,0.725690,USD,-1.52
GPA.3301-0510-6000-81323,"May 31, 2020",9:39:18 AM PDT,,Charge,,Resource Starter Pack (MEDIEVAL FARMS – FARMING SIMULATOR),com.wGuiGhostFarms_9861566,1,starter_pack,,CA,ON,P4N8B8,CAD,1.39,0.725690,USD,1.01
GPA.3301-0510-6000-81323,"May 31, 2020",9:39:18 AM PDT,,Google fee,,Resource Starter Pack (MEDIEVAL FARMS – FARMING SIMULATOR),com.wGuiGhostFarms_9861566,1,starter_pack,,CA,ON,P4N8B8,CAD,-0.42,0.725690,USD,-0.30
